"Edit","Toggle Block Selection","⌥⌘A","Editing Text"
"Views","Show View (Declaration)","⌥⌘Q D","In Windows"
"Text Editing","Scroll Line Down","⌃↓","Editing Text"
"File","Refresh","F5","In Windows"
"Source","Organize Imports","⇧⌘O","In Windows"
"Navigate","Forward History","⌥⌘→","In Windows"
"File","Properties","⌘I","In Windows"
"Run/Debug","Execute active project FlexUnit Tests","⇧⌥A F","In Windows"
"Edit","Select Previous Element","⇧⌃←","Editing in Structured Text Editors"
"Text Editing","Text Start","⌘↖","Editing Text"
"Run/Debug","New Rendering","⌘N","In Memory View"
"Navigate","Go To Previous Unread Task","⌥↑","In Tasks View"
"Refactor - Java","Extract Local Variable","⌥⌘L","In Windows"
"Views","Show View","⌥⌘Q Q","In Windows"
"Run/Debug","Next Page of Memory","⇧⌘.","In Table Memory Rendering"
"Edit","Word Completion","⌘3","Editing Text"
"View","Zoom Out","⌘-","In Windows"
"Navigate","Next Sub-Tab","⌥⇟","In Dialogs and Windows"
"Edit","Redo","⇧⌘Z","In Dialogs and Windows"
"Window","Maximize Active View or Editor","⌃M","In Windows"
"Task Editor","Submit Task","⇧⌥S","In Tasks Editor"
"Edit","Copy","⌘C","In Dialogs and Windows"
"Source","Quick Assist - Rename in file","⌘2 R","Editing Java Source"
"Edit","Cut","⌘X","In Dialogs and Windows"
"Source","Open External Documentation","⇧F2","Editing Ant Buildfiles"
"Window","Show System Menu","⇧⌘F10","In Windows"
"Run/Debug","Display","⇧⌘D","In Dialogs and Windows"
"Text Editing","Next Word","⌥→","Editing Text"
"Task","New Subtask","⇧⌥N","In Tasks View"
"MXML Design Mode","Magnify 100%","⌘1","In MXML Design Mode"
"Navigation","Find All References In Workspace","⇧⌘G","Editing Flex Source"
"Run/Debug","Inspect","⇧⌘I","In Dialogs and Windows"
"Refactor - Java","Change Method Signature","⌥⌘C","In Windows"
"Views","Show View (Breakpoints)","⌥⌘Q B","In Windows"
"Views","Show View (Console)","⌥⌘Q C","In Windows"
"Navigate","Next","⌘.","In Windows"
"Refactor - Java","Extract Method","⌥⌘M","In Windows"
"Text Editing","Copy Lines","⌥⌘↓","Editing Text"
"Source","Toggle Comment","⌘7","Editing Properties Files"
"Run/Debug","Configure/Execute active project FlexUnit Tests ","⇧⌥L F","In Windows"
"Views","Show View (Error Log)","⌥⌘Q L","In Windows"
"MXML Design Mode","Show Container Borders","⌥⌘B","In MXML Design Mode"
"Run/Debug","Terminate","⌘F2","Debugging"
"Window","Show Ruler Context Menu","⌘F10","Editing Text"
"Window","Minimize","⌘M","In Windows"
"Edit","Select Enclosing Element","⇧⌃↑","Editing Java Source"
"Views","Show View (Synchronize)","⌥⌘Q Y","In Windows"
"Source","Surround With Quick Menu","⌥⌘Z","In Windows"
"Edit","Add Maven Dependency","⇧⌃D","Editing XML Source"
"Run/Debug","Add Memory Block","⌥⌘M","In Memory View"
"Run/Debug","Debug JUnit Test","⌃⌥⌘D T","In Windows"
"MXML Design Mode","Align Left","⌥⌘1","In Windows"
"Source","Add Import","⇧⌘M","Editing Java Source"
"Navigate","Next Page","⌥F7","In Windows"
"MXML Design Mode","Align Bottom","⌥⌘6","In Windows"
"Run/Debug","Debug Desktop Application","⌃⌥⌘D D","In Windows"
"Task","Mark Task Complete","⇧⌥C","In Tasks Editor"
"Run/Debug","Run Ant Build","⌥⌘X Q","In Windows"
"Refactor - Java","Move - Refactoring ","⌥⌘V","In Windows"
"Edit","Restore Last Selection","⇧⌥↓","Editing in Structured Text Editors"
"MXML Design Mode","Align Horizontal Centers","⌥⌘5","In Windows"
"Edit","Matching Tag","⇧⌘>","Editing in Structured Text Editors"
"Source","Toggle Comment","⇧⌘C","Editing Properties Files"
"Navigate","Backward History","⌘[","In Windows"
"Source","Add Javadoc Comment","⌥⌘J","In Windows"
"File","Close","⌘W","In Windows"
"Run/Debug","Force Return","⌥⌘F","In Windows"
"Navigate","Last Edit Location","⌃Q","In Windows"
"Focused UI","Make Less Interesting","⇧⌥⌘↓","In Windows"
"Edit","Toggle Insert Mode","⇧⌘Insert","Editing Text"
"Text Editing","Select Next Word","⇧⌥→","Editing Text"
"Edit","Select Next Element","⇧⌃→","Editing in Structured Text Editors"
"Run/Debug","Step Return","F7","Debugging"
"Text Editing","Reset Structure","⇧⌘Numpad_Multiply","Editing Text"
"Run/Debug","Java Breakpoint Properties","⌥↩","In Breakpoints View"
"Views","Show View (Javadoc)","⌥⌘Q J","In Windows"
"Run/Debug","Debug Java Application","⌃⌥⌘D J","In Windows"
"Run/Debug","Run to Line","⌘R","Debugging"
"Text Editing","Move Lines Up","⌥↑","Editing Text"
"Navigate","Deactivate Task","⇧⌘F9","In Windows"
"Run/Debug","Profile Desktop Application","⌥⌘P D","In Windows"
"File","Save","⌘S","In Windows"
"Navigate","Expand All","⇧⌘Numpad_Multiply","In Windows"
"Run/Debug","Run JUnit Test","⌥⌘X T","In Windows"
"Refactor - Java","Inline","⌥⌘I","In Windows"
"Run/Debug","Debug Last Launched","⌘F11","In Windows"
"ActionScript Source Editing","Correct Indentation","⌘I","Editing Flex Source"
"Navigate","Open Declaration","F3","In Windows"
"Navigate","Go to Next Member","⌃⌥↓","Editing Java Source"
"Run/Debug","Resume","F8","Debugging"
"Task","Mark Task Read","⇧⌥R","In Tasks Editor"
"Text Editing","Show Tooltip Description","F2","Editing Text"
"View","Zoom In","⌘=","In Windows"
"Flex Editing","Smart Home Shift ","⇧⌘←","Editing Flex Source"
"Window","Activate Editor","⌘F12","In Windows"
"Text Editing","Collapse","⌘Numpad_Subtract","Editing Text"
"Source","Toggle Mark Occurrences","⌥⌘O","Editing Java Source"
"Navigate","Search Repository for Task","⇧⌘F12","In Windows"
"Text Editing","Scroll Line Up","⌃↑","Editing Text"
"Run/Debug","Execute","⌘U","In Windows"
"Flex Editing","Add Other Comment","⇧⌘D","Editing Flex Source"
"Edit","Quick Diff Toggle","⇧⌃Q","Editing Text"
"Edit","Previous Sibling","⇧⌃↑","Editing in Structured Text Editors"
"&Flash Professional","Debug Movie","⇧⌘↩","In Windows"
"Navigate","Open Remote Task","⇧⌥⌘F12","In Windows"
"MXML Design Mode","Align Top","⌥⌘4","In Windows"
"Run/Debug","All Instances","⇧⌘N","In Windows"
"MXML State Visualization","Next State","⌘\","Editing Flex Source"
"Navigate","Quick Outline","⇧⌘O","Task Markup Editor Source Context"
"KeyAssociationCategory","KeyAssociationCommand ()","F5","Refresh"
"Edit","Previous Sibling","⇧⌘↑","Editing in Structured Text Editors"
"Task","Mark Task Incomplete","⇧⌥I","In Tasks View"
"Task","New Local Task","⌥N","In Tasks View"
"Navigate","Matching Bracket","⇧⌘P","Editing in Structured Text Editors"
"Run/Debug","Toggle Memory Monitors Pane","⌘T","In Memory View"
"Run/Debug","Step Over","F6","Debugging"
"Run/Debug","Debug Ant Build","⌃⌥⌘D Q","In Windows"
"CSS Design Mode","Magnify 100%","⌘1","In CSS Design Mode"
"Edit","Paste","⌘V","In Dialogs and Windows"
"Run/Debug","Previous Page of Memory","⇧⌘,","In Table Memory Rendering"
"MXML State Visualization","Previous State","⇧⌘\","Editing Flex Source"
"Run/Debug","Run Mobile Application","⌥⌘X M","Flash Builder Global Scope"
"MXML Design Mode","Make Same Width","⌥⌘7","In Windows"
"MXML Design Mode","Align Right","⌥⌘3","In Windows"
"Search","Show Occurrences in File Quick Menu","⇧⌘U","In Windows"
"Navigate","Go to Previous Member","⌃⌥↑","Editing Java Source"
"WindowBuilder Pro","Empty command","⌥⌘A","WindowBuilder Java scope"
"ActionScript Source Editing","Organize Imports","⇧⌘O","Editing Flex Source"
"File","Rename","F2","In Windows"
"Flex Editing","Toggle Block Comment","⇧⌘C","Editing Flex Source"
"Search","Find Text in Workspace","⌥⌘G","In Windows"
"File","Properties","⌥↩","In Windows"
"Source","Toggle Comment","⌘/","Editing Properties Files"
"ActionScript Source Editing","Go to Documentation","⇧F2","In ActionScript Mode"
"Task","Quick Outline","⌘O","In Tasks Editor"
"Navigate","Go to Matching Bracket","⇧⌘P","Editing Java Source"
"Run/Debug","Run Web Application","⌥⌘X W","In Windows"
"Views","Show View (History)","⌥⌘Q Z","In Windows"
"Run/Debug","Execute Editor FlexUnit Test","⇧⌥E F","In Windows"
"MXML Design Mode","Make Same Height","⌥⌘9","In Windows"
"&Flash Professional","Debug Movie","⇧⌘↩","Editing Flex Source"
"Source","Toggle Comment","⌘/","Editing Java Source"
"Navigate","Quick Hierarchy","⌘T","Editing Java Source"
"Text Editing","Delete to End of Line","⇧⌘⌦","Editing Text"
"Text Editing","Select Text Start","⇧↖","Editing Text"
"Refactor - Java","Rename - Refactoring ","⌥⌘R","In Windows"
"Navigation","Open Type","⇧⌘T","Flash Builder Global Scope"
"MXML Design Mode","Fit to Window","⌘0","In Windows"
"Task","Open Selected Task","⌘↩","In Tasks View"
"Run/Debug","Next Memory Monitor","⌥⌘N","In Memory View"
"Task","Mark Task Read and Go To Previous Unread Task","⇧⌥↑","In Tasks View"
"Source","Show Source Quick Menu","⌥⌘S","In Windows"
"Navigate","Open Structure","⌘F3","Editing Java Source"
"ActionScript Source Editing","Apply Formatting","⇧⌃F","Editing Flex Source"
"Navigate","Open Call Hierarchy","⌃⌥H","In Windows"
"Views","Show View (Task List)","⌥⌘Q K","In Windows"
"Refactor - Java","Show Refactor Quick Menu","⌥⌘T","In Windows"
"Source","Toggle Comment","⇧⌘C","Editing Java Source"
"Text Editing","Delete Previous Word","⌥⌫","Editing Text"
"Source","Remove Block Comment","⇧⌘\","Editing Java Source"
"Run/Debug","Run Java Applet","⌥⌘X A","In Windows"
"Text Editing","Select Line End","⇧⌘→","Editing Text"
"Navigate","Forward History","⌘]","In Windows"
"Run/Debug","Use Step Filters","⇧F5","In Windows"
"Edit","Find and Replace","⌘F","In Windows"
"Edit","Next Sibling","⇧⌘↓","Editing in Structured Text Editors"
"Search","Open Search Dialog","⌃H","In Windows"
"Run/Debug","Toggle Breakpoint","⇧⌘B","In Windows"
"&Flash Professional","Publish Movie","⇧⌘F12","In Windows"
"Search","Declaration in Workspace","⌘G","In Windows"
"Source","Format","⇧⌘F","Editing Java Source"
"MXML Design Mode","Zoom In","⌘=","In MXML Design Mode"
"Navigate","Open Maven POM","⇧⌥P","In Windows"
"Text Editing","Move Lines Down","⌥↓","Editing Text"
"Run/Debug","Go to Address","⌘G","In Table Memory Rendering"
"Text Editing","Insert Line Above Current Line","⇧⌘↩","Editing Text"
"Navigate","Activate Task","⌘F9","In Windows"
"Task","Show Tooltip Description","F4","In Tasks View"
"File","Save All","⇧⌘S","In Windows"
"Task","Mark Task Unread","⇧⌥U","In Tasks View"
"Views","Show View (Problems)","⌥⌘Q X","In Windows"
"Navigate","Show In...","⌥⌘W","In Windows"
"Navigate","Open Task","⌥⌘F12","In Windows"
"Edit","Add Block Comment","⌘/","Editing in Structured Text Editors"
"Text Editing","Line Start","⌘←","Editing Text"
"WindowBuilder Pro","Switch between Source/Design Views","F12","Editing Text"
"&Flash Professional","Test Movie","⌘↩","In Windows"
"Edit","Undo","⌘Z","In Dialogs and Windows"
"Navigate","Quick Outline","⌘O","Editing in Structured Text Editors"
"Navigate","Previous","⇧⌘.","In Windows"
"Edit","Add Block Comment","⇧⌘/","Editing in Structured Text Editors"
"KeyAssociationCategory","KeyAssociationCommand ()","⌦","Refresh"
"Navigate","Show In Breadcrumb","⌥⌘B","Editor Breadcrumb Navigation"
"Run/Debug","Step Into","F5","Debugging"
"Help","Dynamic Help","⇧⌘'","In Windows"
"Run/Debug","Run Last Launched","⇧⌘F11","In Windows"
"Edit","Next Sibling","⇧⌃↓","Editing in Structured Text Editors"
"Flex Editing","Smart Home","⌘←","Editing Flex Source"
"Text Editing","Previous Word","⌥←","Editing Text"
"Navigate","Go to Line","⌘L","Editing Text"
"Text Editing","To Lower Case","⇧⌘Y","Editing Text"
"Views","Show View (Package Explorer)","⌥⌘Q P","In Windows"
"File","Print","⌘P","In Windows"
"Text Editing","Text End","⌘↘","Editing Text"
"Text Editing","Text End","↘","Editing Text"
"Navigate","Open Resource","⇧⌘R","In Windows"
"Edit","Find Next","⌘K","Editing Text"
"Text Editing","Select Previous Word","⇧⌥←","Editing Text"
"Task","New Subtask","⇧Insert","In Tasks View"
"Navigation","Open Declaration","F3","Editing Flex Source"
"Run/Debug","Profile Web Application","⌥⌘P W","In Windows"
"Navigation","Go to Matching Bracket","⇧⌘P","Editing Flex Source"
"Run/Debug","Debug Web Application","⌃⌥⌘D W","In Windows"
"Source/Design Mode Switching","Switch Source/Design Mode","⇧⌃`","In Windows"
"Navigation","Find All References In Workspace","⇧⌘G","Package Explorer"
"Edit","Quick Fix","⌘1","In Dialogs and Windows"
"Edit","Select Previous Element","⇧⌃←","Editing Java Source"
"Navigate","Open Type in Hierarchy","⇧⌘H","In Windows"
"Run/Debug","Debug Java Applet","⌃⌥⌘D A","In Windows"
"Text Editing","Delete Next Word","⌥⌦","Editing Text"
"Window","Switch to Editor","⇧⌘E","In Windows"
"Navigation","Find All Declarations In Workspace","⌘G","Editing Flex Source"
"Focused UI","Show Context Quick View","⇧⌥⌘→","In Windows"
"Window","Previous Perspective","⇧⌘F8","In Windows"
"Flex Editing","Toggle Comment ","⌘/","Editing Flex Source"
"Run/Debug","Run Java Application","⌥⌘X J","In Windows"
"MXML State Visualization","Toggle State Visualization","⇧⌘M","Editing Flex Source"
"Text Editing","To Upper Case","⇧⌘X","Editing Text"
"Text Editing","Delete Line","⌘D","Editing Text"
"Source","Remove Occurrence Annotations","⌥⌘U","Editing Java Source"
"Source","Quick Assist - Assign to field","⌘2 F","Editing Java Source"
"Edit","Toggle Comment","⇧⌘C","Editing in Structured Text Editors"
"Edit","Incremental Find","⌘J","Editing Text"
"Navigate","Previous Sub-Tab","⌥⇞","In Dialogs and Windows"
"Navigate","Quick Outline","⌘O","WikiText Markup Source Context"
"Views","Show View (Search)","⌥⌘Q S","In Windows"
"Navigate","Open Type Hierarchy","F4","In Windows"
"Edit","Matching Tag","⇧⌃.","Editing in Structured Text Editors"
"Edit","Select All","⌘A","In Dialogs and Windows"
"Navigation","Quick Outline","⌘O","Editing Flex Source"
"Window","Quick Switch Editor","⌘E","In Windows"
"Edit","Add Maven Plugin","⇧⌃P","Editing XML Source"
"Text Editing","Expand All","⌘Numpad_Multiply","Editing Text"
"MXML Design Mode","Align Baselines","⌥⌘8","In Windows"
"File","New menu","⌥⌘N","In Windows"
"Edit","Restore Last Selection","⇧⌃↓","Editing Java Source"
"Navigate","Quick Outline","⌘O","Editing Java Source"
"Task","Mark Task Incomplete","⇧⌥I","In Tasks Editor"
"Project","Build All","⌘B","In Windows"
"Edit","Format","⇧⌘F","Editing in Structured Text Editors"
"Edit","Open Selection","F3","Editing in Structured Text Editors"
"Navigation","Open Call Hierarchy","⌃⌥H","Editing Flex Source"
"Window","Close Dialog","⌘W","In Dialogs"
"Navigation","Find All Declarations In Workspace","⌘G","Package Explorer"
"Window","Previous Editor","⇧⌘F6","In Windows"
"Edit","Find Previous","⇧⌘K","Editing Text"
"Text Editing","Expand","⌘Numpad_Add","Editing Text"
"Views","Show View (Outline)","⌥⌘Q O","In Windows"
"Text Editing","Show Tooltip Description","F2","Editing Flex Source"
"Navigate","Open Attached Javadoc","⇧F2","In Windows"
"Task","Mark Task Read","⇧⌥R","In Tasks View"
"File","New","⌘N","In Windows"
"Task","New Local Task","Insert","In Tasks View"
"Text Editing","Insert Line Below Current Line","⇧↩","Editing Text"
"Text Editing","Toggle Folding","⌘Numpad_Divide","Editing Text"
"Focused UI","Make Landmark","⇧⌥⌘↑","In Windows"
"Text Editing","Duplicate Lines","⌥⌘↑","Editing Text"
"Views","Show View (Cheat Sheets)","⌥⌘Q H","In Windows"
"File","Close All","⇧⌘W","In Windows"
"WindowBuilder Pro","Empty command","⇧⌘A","WindowBuilder Java scope"
"Source","Correct Indentation","⌘I","Editing Java Source"
"Search","References in Workspace","⇧⌘G","In Windows"
"MXML Design Mode","Show Surrounding Containers","F4","In MXML Design Mode"
"Edit","Context Information","⇧⌃Space","In Dialogs and Windows"
"CSS Design Mode","Zoom In","⌘=","In CSS Design Mode"
"Source","Toggle Ant Mark Occurrences","⌥⌘O","Editing Ant Buildfiles"
"Run/Debug","Run Mobile Application","⇧⌥X M","Flash Builder Global Scope"
"Window","Previous Editor","⇧⌃Tab","In Windows"
"Navigate","Open Type","⇧⌘T","In Windows"
"Edit","Incremental Find Reverse","⇧⌘J","Editing Text"
"Window","Next Perspective","⌘F8","In Windows"
"Edit","Remove Block Comment","⇧⌘\","Editing in Structured Text Editors"
"Views","Show View (Type Hierarchy)","⌥⌘Q T","In Windows"
"Task","Mark Task Read and Go To Next Unread Task","⇧⌥↓","In Tasks View"
"Run/Debug","Step Into Selection","⌥F5","Debugging"
"Source","Rename In File","⌥⌘R","Editing Ant Buildfiles"
"Window","Show Contributing Plug-in","⇧⌥F3","In Dialogs and Windows"
"MXML Design Mode","Show Layout Constraints","⌥⌘C","In MXML Design Mode"
"Window","Next Editor","⌘F6","In Windows"
"Text Editing","Text Start","↖","Editing Text"
"Source","Quick Assist - Assign to local variable","⌘2 L","Editing Java Source"
"WikiText Markup Editing Commands","Display Cheat Sheet","F1","WikiText Markup Source Context"
"Text Editing","Line End","⌘→","Editing Text"
"Source","Format","⇧⌘F","Editing Ant Buildfiles"
"Task Editor","Maximize Part","⇧⌘M","In Tasks Editor"
"MXML Design Mode","Zoom Out","⌘-","In MXML Design Mode"
"Edit","Remove Block Comment","⌘\","Editing in Structured Text Editors"
"Run/Debug","Debug Mobile Application","⌃⌥⌘D M","In Windows"
"Edit","Occurrences in File","⇧⌘A","Editing in Structured Text Editors"
"CSS Design Mode","Zoom Out","⌘-","In CSS Design Mode"
"Task","Mark Task Complete","⇧⌥C","In Tasks View"
"MXML Design Mode","Switch Orientation","⌥⌘O","In Windows"
"Navigate","Collapse All","⇧⌘Numpad_Divide","In Windows"
"Task","Mark Task Unread","⇧⌥U","In Tasks Editor"
"ActionScript Source Editing","Rename","⌥⌘R","Editing Flex Source"
"Run/Debug","Close Rendering","⌘W","In Memory View"
"Source","Toggle Comment","⌘7","Editing Java Source"
"Text Editing","Select Text End","⇧↘","Editing Text"
"Run/Debug","EOF","⌃D","In I/O Console"
"Edit","Format Active Elements","⌘I","Editing in Structured Text Editors"
"Navigate","Previous Page","⇧⌥F7","In Windows"
"Window","Next View","⌘F7","In Windows"
"Window","Show View Menu","⌘F10","In Dialogs and Windows"
"Source/Design Mode Switching","Switch Source/Design Mode","⌃`","In Windows"
"Window","Next Editor","⌃Tab","In Windows"
"Navigate","Go To Next Unread Task","⌥↓","In Tasks View"
"Edit","Select Next Element","⇧⌃→","Editing Java Source"
"Text Editing","Collapse All","⇧⌘Numpad_Divide","Editing Text"
"Text Editing","Toggle Overwrite","Insert","Editing Text"
"Views","Show View (Variables)","⌥⌘Q V","In Windows"
"Edit","Select Enclosing Element","⇧⌥↑","Editing in Structured Text Editors"
"MXML Design Mode","Align Vertical Centers","⌥⌘2","In Windows"
"Navigate","Backward History","⌥⌘←","In Windows"
"Window","Show Key Assist","⇧⌘L","In Dialogs and Windows"
"Window","Previous View","⇧⌘F7","In Windows"
"Run/Debug","Run Desktop Application","⌥⌘X D","In Windows"
"Edit","Content Assist","⌘2","In Dialogs and Windows"
"Run/Debug","Profile Mobile Application","⌥⌘P M","In Windows"
"Text Editing","Select Line Start","⇧⌘←","Editing Text"
"Navigate","Show In Breadcrumb","⌥⌘B","Editing Java Source"
"Edit","Delete","⌦","In Windows"
